"CH4_GC_headspace_ppm","CO2_GC_headspace_ppm","CH4_standard_dev","CO2_standard_dev","CH4_tvalue","CO2_tvalue","CH4_umolL","CO2_umolL"
3.14944547463059,278.348782207977,1.33660214698974,118.129233513655,2.35630735871829,2.35630735871829,0.0162856801585722,7.45556590681751
